原材料编号,箱子类型,消耗占比,库存数量/箱,
B6T0000000000,E4,0.0153,20,
B6T0000000001,E4,0.1272,20,
B6T0000000002,E4,0.031,22,
B6T0000000003,E4,0.0221,31,
B6T0000000004,E4,0.0119,44,
B6T0000000005,E4,0.0119,20,
B6T0000000006,E4,0.0109,50,
B6T0000000007,E4,0.0553,21,
B6T0000000008,E4,0.0223,25,
B6T0000000009,E4,0.0289,20,
B6T0000000010,E4,0.0105,20,
B6T0000000011,E4,0.1918,43,
B6T0000000012,E4,0.0459,39,
B6T0000000013,E4,0.0126,21,
B6T0000000014,E4,0.0122,26,
B6T0000000015,E4,0.0123,34,
B6T0000000016,E4,0.014,20,
B6T0000000017,E4,0.0192,20,
B6T0000000018,E4,0.0166,41,
B6T0000000019,E4,0.0138,20,
B6T0000000020,E4,0.0228,30,
B6T0000000021,E4,0.0117,20,
B6T0000000022,E4,0.0138,33,
B6T0000000023,E4,0.0151,25,
B6T0000000024,E4,0.0172,20,
B6T0000000025,E4,0.0373,50,
B6T0000000026,E4,0.0125,20,
B6T0000000027,E4,0.0189,20,
B6T0000000028,E4,0.0219,28,
B6T0000000029,E4,0.0108,50,
B6T0000000030,E4,0.0226,20,
B6T0000000031,E4,0.0121,26,
B6T0000000032,E4,0.0109,33,
B6T0000000033,E4,0.1234,38,
B6T0000000034,E4,0.1717,28,
B6T0000000035,E4,0.041,20,
B6T0000000036,E4,0.014,20,
B6T0000000037,E4,0.0113,27,
B6T0000000038,E4,0.027,20,
B6T0000000039,E4,0.0168,20,
B6T0000000040,E4,0.0115,33,
B6T0000000041,E4,0.0183,43,
B6T0000000042,E4,0.0107,20,
B6T0000000043,E4,0.0765,20,
B6T0000000044,E4,0.0133,37,
B6T0000000045,E4,0.0256,50,
B6T0000000046,E4,0.0141,26,
B6T0000000047,E4,0.0191,20,
B6T0000000048,E4,0.02,23,
B6T0000000049,E4,0.0123,50,
B6T0000000050,E4,0.1901,20,
B6T0000000051,E4,0.0359,20,
B6T0000000052,E4,0.1072,20,
B6T0000000053,E4,0.0676,20,
B6T0000000054,E4,0.0221,27,
B6T0000000055,E4,0.0866,50,
B6T0000000056,E4,0.0112,31,
B6T0000000057,E4,0.0124,22,
B6T0000000058,E4,0.0108,21,
B6T0000000059,E4,0.0144,20,
B6T0000000060,E4,0.0156,43,
B6T0000000061,E4,0.0135,24,
B6T0000000062,E4,0.045,23,
B6T0000000063,E4,0.0149,50,
B6T0000000064,E4,0.0136,30,
B6T0000000065,E4,0.0199,20,
B6T0000000066,E4,0.0117,20,
B6T0000000067,E4,0.0399,50,
B6T0000000068,E4,0.011,27,
B6T0000000069,E4,0.3833,20,
B6T0000000070,E4,0.0355,44,
B6T0000000071,E4,0.0124,20,
B6T0000000072,E4,0.0104,50,
B6T0000000073,E4,0.0423,48,
B6T0000000074,E4,0.0288,20,
B6T0000000075,E4,0.0307,50,
B6T0000000076,E4,0.0354,26,
B6T0000000077,E4,0.011,42,
B6T0000000078,E4,0.015,34,
B6T0000000079,E4,0.0115,20,
B6T0000000080,E4,0.0543,20,
B6T0000000081,E4,0.0233,47,
B6T0000000082,E4,0.0145,21,
B6T0000000083,E4,0.0109,20,
B6T0000000084,E4,0.0141,20,
B6T0000000085,E4,0.0144,32,
B6T0000000086,E4,0.0308,50,
B6T0000000087,E4,0.0241,20,
B6T0000000088,E4,0.0638,26,
B6T0000000089,E4,0.0176,50,
B6T0000000090,E4,0.0115,24,
B6T0000000091,E4,0.0293,33,
B6T0000000092,E4,0.0341,20,
B6T0000000093,E4,0.0206,33,
B6T0000000094,E4,0.0353,23,
B6T0000000095,E4,0.0183,46,
B6T0000000096,E4,0.0192,50,
B6T0000000097,E4,0.0165,50,
B6T0000000098,E4,0.0106,36,
B6T0000000099,E4,0.0114,31,
B6T0000000100,E4,0.0106,28,
B6T0000000101,E4,0.024,20,
B6T0000000102,E4,0.0142,31,
B6T0000000103,E4,0.0187,21,
B6T0000000104,E4,0.0753,28,
B6T0000000105,E4,0.0131,50,
B6T0000000106,E4,0.0161,20,
B6T0000000107,E4,0.0335,50,
B6T0000000108,E4,0.0129,50,
B6T0000000109,E4,0.0111,23,
B6T0000000110,E4,0.0138,20,
B6T0000000111,E4,0.012,20,
B6T0000000112,E4,0.0946,50,
B6T0000000113,E4,0.041,25,
B6T0000000114,E4,0.0239,20,
B6T0000000115,E4,0.0572,20,
B6T0000000116,E4,0.0402,42,
B6T0000000117,E4,0.0123,35,
B6T0000000118,E4,0.0664,22,
B6T0000000119,E4,0.0197,20,
B6T0000000120,E4,0.0408,20,
B6T0000000121,E4,0.0683,20,
B6T0000000122,E4,0.0142,50,
B6T0000000123,E4,0.0114,21,
B6T0000000124,E4,0.0128,50,
B6T0000000125,E4,0.0165,50,
B6T0000000126,E4,0.0428,46,
B6T0000000127,E4,0.0535,20,
B6T0000000128,E4,0.0104,32,
B6T0000000129,E4,0.0188,25,
B6T0000000130,E4,0.0162,20,
B6T0000000131,E4,0.0128,31,
B6T0000000132,E4,0.0115,20,
B6T0000000133,E4,0.0146,50,
B6T0000000134,E4,0.1125,20,
B6T0000000135,E4,0.0143,28,
B6T0000000136,E4,0.019,30,
B6T0000000137,E4,0.0285,22,
B6T0000000138,E4,0.0151,36,
B6T0000000139,E4,0.2024,20,
B6T0000000140,E4,0.1595,42,
B6T0000000141,E4,0.0132,20,
B6T0000000142,E4,0.0184,27,
B6T0000000143,E4,0.0139,50,
B6T0000000144,E4,0.0137,20,
B6T0000000145,E4,0.0107,20,
B6T0000000146,E4,0.0227,34,
B6T0000000147,E4,0.0185,28,
B6T0000000148,E4,0.0108,31,
B6T0000000149,E4,0.0136,34,
B6T0000000150,E4,0.0758,37,
B6T0000000151,E4,0.013,49,
B6T0000000152,E4,0.0118,32,
B6T0000000153,E4,0.0181,22,
B6T0000000154,E4,0.3556,38,
B6T0000000155,E4,0.013,50,
B6T0000000156,E4,0.0262,23,
B6T0000000157,E4,0.0342,20,
B6T0000000158,E4,0.013,49,
B6T0000000159,E4,0.0306,23,
B6T0000000160,E4,0.0152,20,
B6T0000000161,E4,0.0238,42,
B6T0000000162,E4,0.0239,20,
B6T0000000163,E4,0.0196,24,
B6T0000000164,E4,0.0112,31,
B6T0000000165,E4,0.0465,28,
B6T0000000166,E4,0.0143,39,
B6T0000000167,E4,0.0123,20,
B6T0000000168,E4,0.0107,34,
B6T0000000169,E4,0.0218,22,
B6T0000000170,E4,0.0266,39,
B6T0000000171,E4,0.0105,36,
B6T0000000172,E4,0.0188,20,
B6T0000000173,E4,0.0128,48,
B6T0000000174,E4,0.0245,20,
B6T0000000175,E4,0.0121,41,
B6T0000000176,E4,0.0275,31,
B6T0000000177,E4,0.0156,50,
B6T0000000178,E4,0.1033,22,
B6T0000000179,E4,0.0117,20,
B6T0000000180,E4,0.0147,25,
B6T0000000181,E4,0.0114,21,
B6T0000000182,E4,0.0893,41,
B6T0000000183,E4,0.0595,20,
B6T0000000184,E4,0.0133,20,
B6T0000000185,E4,0.0254,20,
B6T0000000186,E4,0.0427,45,
B6T0000000187,E4,0.0203,50,
B6T0000000188,E4,0.0194,24,
B6T0000000189,E4,0.013,23,
B6T0000000190,E4,0.0112,26,
B6T0000000191,E4,0.0689,50,
B6T0000000192,E4,0.0708,20,
B6T0000000193,E4,0.0239,29,
B6T0000000194,E4,0.0146,45,
B6T0000000195,E4,0.0148,34,
B6T0000000196,E4,0.0304,28,
B6T0000000197,E4,0.0689,46,
B6T0000000198,E4,0.0637,20,
B6T0000000199,E4,0.0365,38,
B6T0000000200,E4,0.0244,20,
B6T0000000201,E4,0.0111,20,
B6T0000000202,E4,0.012,34,
B6T0000000203,E4,0.0697,50,
B6T0000000204,E4,0.0225,23,
B6T0000000205,E4,0.0104,45,
B6T0000000206,E4,0.0113,50,
B6T0000000207,E4,0.0257,50,
B6T0000000208,E4,0.0104,50,
B6T0000000209,E4,0.012,39,
B6T0000000210,E4,0.0201,26,
B6T0000000211,E4,0.0276,20,
B6T0000000212,E4,0.0249,22,
B6T0000000213,E4,0.0128,20,
B6T0000000214,E4,0.0292,50,
B6T0000000215,E4,0.013,23,
B6T0000000216,E4,0.0144,27,
B6T0000000217,E4,0.0325,35,
B6T0000000218,E4,0.0248,26,
B6T0000000219,E4,0.0501,50,
B6T0000000220,E4,0.0253,20,
B6T0000000221,E4,0.0208,28,
B6T0000000222,E4,0.0112,20,
B6T0000000223,E4,0.0152,20,
B6T0000000224,E4,0.0134,20,
B6T0000000225,E4,0.0131,25,
B6T0000000226,E4,0.21,20,
B6T0000000227,E4,0.0157,20,
B6T0000000228,E4,0.0662,20,
B6T0000000229,E4,0.0238,24,
B6T0000000230,E4,0.0387,20,
B6T0000000231,E4,0.0185,40,
B6T0000000232,E4,0.0212,26,
B6T0000000233,E4,0.0182,20,
B6T0000000234,E4,0.0124,21,
B6T0000000235,E4,0.0301,20,
B6T0000000236,E4,0.0136,31,
B6T0000000237,E4,0.0106,50,
B6T0000000238,E4,0.0246,20,
B6T0000000239,E4,0.0122,27,
B6T0000000240,E4,0.1086,23,
B6T0000000241,E4,0.1345,38,
B6T0000000242,E4,0.0806,29,
B6T0000000243,E4,0.0152,20,
B6T0000000244,E4,0.0105,21,
B6T0000000245,E4,0.0931,20,
B6T0000000246,E4,0.0165,48,
B6T0000000247,E4,0.1761,26,
B6T0000000248,E4,0.1638,50,
B6T0000000249,E4,0.0512,24,
B6T0000000250,E4,0.0138,20,
B6T0000000251,E4,0.0155,20,
B6T0000000252,E4,0.0506,20,
B6T0000000253,E4,0.0142,20,
B6T0000000254,E4,0.0121,30,
B6T0000000255,E4,0.0204,34,
B6T0000000256,E4,0.1025,20,
B6T0000000257,E4,0.0279,43,
B6T0000000258,E4,0.0209,20,
B6T0000000259,E4,0.0113,28,
B6T0000000260,E4,0.0229,50,
B6T0000000261,E4,0.4826,43,
B6T0000000262,E4,0.0117,21,
B6T0000000263,E4,0.019,20,
B6T0000000264,E4,0.0595,20,
B6T0000000265,E4,0.0319,20,
B6T0000000266,E4,0.028,22,
B6T0000000267,E4,0.0284,20,
B6T0000000268,E4,0.015,23,
B6T0000000269,E4,0.0138,26,
B6T0000000270,E4,0.0412,22,
B6T0000000271,E4,0.0413,20,
B6T0000000272,E4,0.0556,28,
B6T0000000273,E4,0.0794,33,
B6T0000000274,E4,0.0188,20,
B6T0000000275,E4,0.0185,50,
B6T0000000276,E4,0.0393,24,
B6T0000000277,E4,0.0248,25,
B6T0000000278,E4,0.0284,39,
B6T0000000279,E4,0.0389,29,
B6T0000000280,E4,0.0651,45,
B6T0000000281,E4,0.0146,30,
B6T0000000282,E4,0.0153,20,
B6T0000000283,E4,0.0112,31,
B6T0000000284,E4,0.0213,20,
B6T0000000285,E4,0.0107,27,
B6T0000000286,E4,0.0174,25,
B6T0000000287,E4,0.0199,22,
B6T0000000288,E4,0.0137,23,
B6T0000000289,E4,0.0218,20,
B6T0000000290,E4,0.0106,20,
B6T0000000291,E4,0.0107,27,
B6T0000000292,E4,0.0437,28,
B6T0000000293,E4,0.015,20,
B6T0000000294,E4,0.0116,50,
B6T0000000295,E4,0.0192,20,
B6T0000000296,E4,0.0352,45,
B6T0000000297,E4,0.0127,33,
B6T0000000298,E4,0.0233,20,
B6T0000000299,E4,0.0111,50,
B6T0000000300,E4,0.0108,20,
B6T0000000301,E4,0.0195,44,
B6T0000000302,E4,0.0198,46,
B6T0000000303,E4,0.0241,20,
B6T0000000304,E4,0.0305,50,
B6T0000000305,E4,0.2304,22,
B6T0000000306,E4,0.019,30,
B6T0000000307,E4,0.0143,29,
B6T0000000308,E4,0.0388,23,
B6T0000000309,E4,0.0135,41,
B6T0000000310,E4,0.0168,41,
B6T0000000311,E4,0.0111,20,
B6T0000000312,E4,0.0106,50,
B6T0000000313,E4,0.1602,20,
B6T0000000314,E4,0.0467,47,
B6T0000000315,E4,0.0279,50,
B6T0000000316,E4,0.016,20,
B6T0000000317,E4,0.0121,20,
B6T0000000318,E4,0.0119,20,
B6T0000000319,E4,0.0132,22,
B6T0000000320,E3,0.0201,31,
B6T0000000321,E3,0.0294,60,
B6T0000000322,E3,0.0254,60,
B6T0000000323,E3,0.0136,60,
B6T0000000324,E3,0.1368,30,
B6T0000000325,E3,0.0316,34,
B6T0000000326,E3,0.0203,30,
B6T0000000327,E3,0.0228,30,
B6T0000000328,E3,0.0163,60,
B6T0000000329,E3,0.0131,60,
B6T0000000330,E3,0.0149,30,
B6T0000000331,E3,0.0337,30,
B6T0000000332,E3,0.0105,38,
B6T0000000333,E3,0.0115,47,
B6T0000000334,E3,0.0108,30,
B6T0000000335,E3,0.0107,52,
B6T0000000336,E3,0.0519,30,
B6T0000000337,E3,0.0285,39,
B6T0000000338,E3,0.0177,57,
B6T0000000339,E3,0.0113,39,
B6T0000000340,E3,0.0182,30,
B6T0000000341,E3,0.0177,36,
B6T0000000342,E3,0.0121,37,
B6T0000000343,E3,0.0166,30,
B6T0000000344,E3,0.0158,32,
B6T0000000345,E3,0.023,60,
B6T0000000346,E3,0.024,58,
B6T0000000347,E3,0.0108,32,
B6T0000000348,E3,0.0153,60,
B6T0000000349,E3,0.0235,31,
B6T0000000350,E3,0.0185,60,
B6T0000000351,E3,0.0522,50,
B6T0000000352,E3,0.0254,36,
B6T0000000353,E3,0.012,53,
B6T0000000354,E3,0.011,30,
B6T0000000355,E3,0.0244,30,
B6T0000000356,E3,0.0106,30,
B6T0000000357,E3,0.0216,43,
B6T0000000358,E3,0.1083,60,
B6T0000000359,E3,0.0211,60,
B6T0000000360,E3,0.0156,60,
B6T0000000361,E3,0.0244,55,
B6T0000000362,E3,0.0172,30,
B6T0000000363,E3,0.02,30,
B6T0000000364,E3,0.1102,30,
B6T0000000365,E3,0.0155,30,
B6T0000000366,E3,0.1552,35,
B6T0000000367,E3,0.0738,30,
B6T0000000368,E3,0.0124,30,
B6T0000000369,E3,0.011,60,
B6T0000000370,E3,0.0113,30,
B6T0000000371,E3,0.0105,46,
B6T0000000372,E3,0.0112,60,
B6T0000000373,E3,0.027,30,
B6T0000000374,E3,0.011,30,
B6T0000000375,E3,0.0143,32,
B6T0000000376,E3,0.0489,60,
B6T0000000377,E3,0.0106,60,
B6T0000000378,E3,0.0421,30,
B6T0000000379,E3,0.0136,55,
B6T0000000380,E3,0.0115,30,
B6T0000000381,E3,0.028,36,
B6T0000000382,E3,0.0236,60,
B6T0000000383,E3,0.0595,30,
B6T0000000384,E3,0.0313,46,
B6T0000000385,E3,0.0402,54,
B6T0000000386,E3,0.0136,60,
B6T0000000387,E3,0.0122,42,
B6T0000000388,E3,0.0329,48,
B6T0000000389,E3,0.0407,30,
B6T0000000390,E3,0.5016,47,
B6T0000000391,E3,0.0161,31,
B6T0000000392,E3,0.0153,60,
B6T0000000393,E3,0.0361,30,
B6T0000000394,E3,0.0146,51,
B6T0000000395,E3,0.0958,38,
B6T0000000396,E3,0.0528,60,
B6T0000000397,E3,0.0165,38,
B6T0000000398,E3,0.033,30,
B6T0000000399,E3,0.0334,60,
B6T0000000400,E3,0.0113,30,
B6T0000000401,E3,0.0721,30,
B6T0000000402,E3,0.0186,30,
B6T0000000403,E3,0.0445,60,
B6T0000000404,E3,0.0143,30,
B6T0000000405,E3,0.068,60,
B6T0000000406,E3,0.0156,60,
B6T0000000407,E3,0.0104,45,
B6T0000000408,E3,0.0738,37,
B6T0000000409,E3,0.0112,48,
B6T0000000410,E3,0.0143,56,
B6T0000000411,E3,0.1258,60,
B6T0000000412,E3,0.1269,57,
B6T0000000413,E3,0.0211,41,
B6T0000000414,E3,0.0238,34,
B6T0000000415,E3,0.017,35,
B6T0000000416,E3,0.0138,34,
B6T0000000417,E3,0.0144,60,
B6T0000000418,E3,0.0262,59,
B6T0000000419,E3,0.0331,30,
B6T0000000420,E3,0.0382,60,
B6T0000000421,E3,0.0379,45,
B6T0000000422,E3,0.0112,38,
B6T0000000423,E3,0.0183,30,
B6T0000000424,E3,0.0109,60,
B6T0000000425,E3,0.0201,60,
B6T0000000426,E3,0.0168,30,
B6T0000000427,E3,0.064,52,
B6T0000000428,E3,0.0148,30,
B6T0000000429,E3,0.0115,30,
B6T0000000430,E3,0.0118,30,
B6T0000000431,E3,0.0342,60,
B6T0000000432,E3,0.0231,60,
B6T0000000433,E3,0.0113,56,
B6T0000000434,E3,0.0111,60,
B6T0000000435,E3,0.0283,56,
B6T0000000436,E3,0.011,30,
B6T0000000437,E3,0.0436,53,
B6T0000000438,E3,0.0287,60,
B6T0000000439,E3,0.0111,60,
B6T0000000440,E3,0.0111,60,
B6T0000000441,E3,0.3774,60,
B6T0000000442,E3,0.0153,50,
B6T0000000443,E3,0.0152,60,
B6T0000000444,E3,0.0418,38,
B6T0000000445,E3,0.1202,30,
B6T0000000446,E3,0.363,35,
B6T0000000447,E3,0.0332,30,
B6T0000000448,E3,0.0153,30,
B6T0000000449,E3,0.0111,35,
B6T0000000450,E3,0.0362,30,
B6T0000000451,E3,0.0205,31,
B6T0000000452,E3,0.0164,30,
B6T0000000453,E3,0.0745,45,
B6T0000000454,E3,0.0114,39,
B6T0000000455,E3,0.0182,30,
B6T0000000456,E3,0.0104,60,
B6T0000000457,E3,0.0175,60,
B6T0000000458,E3,0.0109,30,
B6T0000000459,E3,0.0115,30,
B6T0000000460,E3,0.0115,30,
B6T0000000461,E3,0.0248,30,
B6T0000000462,E3,0.0324,60,
B6T0000000463,E3,0.0215,34,
B6T0000000464,E3,0.1585,32,
B6T0000000465,E3,0.0153,30,
B6T0000000466,E3,0.0137,60,
B6T0000000467,E3,0.0562,30,
B6T0000000468,E3,0.0128,41,
B6T0000000469,E3,0.1623,47,
B6T0000000470,E3,0.0105,60,
B6T0000000471,E3,0.1917,30,
B6T0000000472,E3,0.0107,30,
B6T0000000473,E3,0.0657,44,
B6T0000000474,E3,0.0193,60,
B6T0000000475,E3,0.644,60,
B6T0000000476,E3,0.011,45,
B6T0000000477,E3,0.0203,30,
B6T0000000478,E3,0.1887,60,
B6T0000000479,E3,0.0192,30,
B6T0000000480,E3,0.0237,54,
B6T0000000481,E3,0.0279,55,
B6T0000000482,E3,0.0172,60,
B6T0000000483,E3,0.0236,60,
B6T0000000484,E3,0.0215,51,
B6T0000000485,E3,0.0712,30,
B6T0000000486,E3,0.0108,38,
B6T0000000487,E3,0.0136,30,
B6T0000000488,E3,0.1265,30,
B6T0000000489,E3,0.0653,30,
B6T0000000490,E3,0.0172,30,
B6T0000000491,E3,0.0232,43,
B6T0000000492,E3,0.0136,30,
B6T0000000493,E3,0.0123,60,
B6T0000000494,E3,0.0174,39,
B6T0000000495,E3,0.0149,39,
B6T0000000496,E3,0.0215,31,
B6T0000000497,E3,0.0111,43,
B6T0000000498,E3,0.2195,60,
B6T0000000499,E3,0.3676,30,
B6T0000000500,E3,0.0281,30,
B6T0000000501,E3,0.0196,31,
B6T0000000502,E3,0.0141,30,
B6T0000000503,E3,0.042,30,
B6T0000000504,E3,0.0271,30,
B6T0000000505,E3,0.012,60,
B6T0000000506,E3,0.0777,47,
B6T0000000507,E3,0.0437,45,
B6T0000000508,E3,0.1252,60,
B6T0000000509,E3,0.0304,35,
B6T0000000510,E3,0.0229,51,
B6T0000000511,E3,0.0163,36,
B6T0000000512,E3,0.0981,47,
B6T0000000513,E3,0.0553,30,
B6T0000000514,E3,0.0108,30,
B6T0000000515,E3,0.0106,35,
B6T0000000516,E3,0.0153,60,
B6T0000000517,E3,0.0414,60,
B6T0000000518,E3,0.393,60,
B6T0000000519,E3,0.0119,60,
B6T0000000520,E3,0.0219,41,
B6T0000000521,E3,0.0154,45,
B6T0000000522,E3,0.1919,30,
B6T0000000523,E3,0.0482,31,
B6T0000000524,E3,0.0473,60,
B6T0000000525,E3,0.0175,60,
B6T0000000526,E3,0.0162,35,
B6T0000000527,E3,0.0135,30,
B6T0000000528,E3,0.0109,39,
B6T0000000529,E3,0.0548,59,
B6T0000000530,E3,0.0418,30,
B6T0000000531,E3,9.3897,30,
B6T0000000532,E3,1.1912,30,
B6T0000000533,E3,0.0203,30,
B6T0000000534,E3,0.0351,30,
B6T0000000535,E3,0.1156,35,
B6T0000000536,E3,0.0502,30,
B6T0000000537,E3,0.0131,60,
B6T0000000538,E3,0.017,49,
B6T0000000539,E3,0.0116,48,
B6T0000000540,E3,0.1348,60,
B6T0000000541,E3,0.0225,30,
B6T0000000542,E3,0.0128,60,
B6T0000000543,E3,0.0262,37,
B6T0000000544,E3,0.0231,60,
B6T0000000545,E3,0.015,30,
B6T0000000546,E3,0.0114,30,
B6T0000000547,E3,0.0262,60,
B6T0000000548,E3,0.0191,51,
B6T0000000549,E3,0.0355,30,
B6T0000000550,E3,0.0191,30,
B6T0000000551,E3,0.0509,60,
B6T0000000552,E3,0.0202,30,
B6T0000000553,E3,0.0206,60,
B6T0000000554,E3,0.0592,30,
B6T0000000555,E3,0.0159,60,
B6T0000000556,E3,0.0117,31,
B6T0000000557,E3,0.0106,59,
B6T0000000558,E3,0.0334,30,
B6T0000000559,E3,0.0232,35,
B6T0000000560,E3,0.0286,40,
B6T0000000561,E3,0.0126,30,
B6T0000000562,E3,0.0117,60,
B6T0000000563,E3,0.0105,30,
B6T0000000564,E3,0.0148,33,
B6T0000000565,E3,0.0218,30,
B6T0000000566,E3,0.0157,30,
B6T0000000567,E3,0.0167,34,
B6T0000000568,E3,0.0731,60,
B6T0000000569,E3,0.0148,60,
B6T0000000570,E3,0.0189,38,
B6T0000000571,E3,0.0371,32,
B6T0000000572,E3,0.0158,40,
B6T0000000573,E3,0.0233,57,
B6T0000000574,E3,0.054,30,
B6T0000000575,E3,0.1246,60,
B6T0000000576,E3,0.0118,60,
B6T0000000577,E3,0.0912,60,
B6T0000000578,E3,0.0182,53,
B6T0000000579,E3,0.0133,39,
B6T0000000580,E3,0.0173,60,
B6T0000000581,E3,0.27,59,
B6T0000000582,E3,0.0182,30,
B6T0000000583,E3,0.0144,30,
B6T0000000584,E3,0.0239,42,
B6T0000000585,E3,0.013,60,
B6T0000000586,E3,0.0111,30,
B6T0000000587,E3,0.0116,30,
B6T0000000588,E3,0.0116,44,
B6T0000000589,E3,0.0119,40,
B6T0000000590,E3,0.0117,44,
B6T0000000591,E3,0.0243,46,
B6T0000000592,E3,0.0122,33,
B6T0000000593,E3,0.0147,60,
B6T0000000594,E3,0.0687,30,
B6T0000000595,E3,0.0177,30,
B6T0000000596,E3,0.0259,36,
B6T0000000597,E3,0.0121,30,
B6T0000000598,E3,0.0124,34,
B6T0000000599,E3,0.0107,60,
B6T0000000600,E3,0.0121,39,
B6T0000000601,E3,0.0136,46,
B6T0000000602,E3,0.0122,30,
B6T0000000603,E3,0.0112,30,
B6T0000000604,E3,0.0115,30,
B6T0000000605,E3,0.0173,31,
B6T0000000606,E3,0.0125,60,
B6T0000000607,E3,0.0151,57,
B6T0000000608,E3,0.0185,30,
B6T0000000609,E3,0.0275,46,
B6T0000000610,E3,0.0107,55,
B6T0000000611,E3,0.0395,60,
B6T0000000612,E3,0.0236,60,
B6T0000000613,E3,0.0111,30,
B6T0000000614,E3,0.058,30,
B6T0000000615,E3,0.0857,30,
B6T0000000616,E3,0.0109,33,
B6T0000000617,E3,0.0136,54,
B6T0000000618,E3,0.0406,60,
B6T0000000619,E3,0.0327,37,
B6T0000000620,E3,0.0123,31,
B6T0000000621,E3,0.0126,43,
B6T0000000622,E3,0.0152,30,
B6T0000000623,E3,0.018,60,
B6T0000000624,E3,0.0231,30,
B6T0000000625,E3,0.0152,44,
B6T0000000626,E3,0.0174,60,
B6T0000000627,E3,0.0326,39,
B6T0000000628,E3,0.0107,34,
B6T0000000629,E3,0.0132,30,
B6T0000000630,E3,0.0293,34,
B6T0000000631,E3,0.0678,60,
B6T0000000632,E3,0.0188,30,
B6T0000000633,E3,0.0195,60,
B6T0000000634,E3,0.0114,30,
B6T0000000635,E3,0.017,32,
B6T0000000636,E3,0.0195,30,
B6T0000000637,E3,0.013,59,
B6T0000000638,E3,0.0134,30,
B6T0000000639,E3,0.0154,54,
B6T0000000640,E3,0.0105,60,
B6T0000000641,E3,0.0143,30,
B6T0000000642,E3,0.0126,44,
B6T0000000643,E3,0.0144,30,
B6T0000000644,E3,0.0115,52,
B6T0000000645,E3,0.0654,39,
B6T0000000646,E3,0.0219,30,
B6T0000000647,E3,0.0267,55,
B6T0000000648,E3,0.0379,60,
B6T0000000649,E3,0.0184,34,
B6T0000000650,E3,0.0112,60,
B6T0000000651,E3,0.0197,30,
B6T0000000652,E3,0.0216,30,
B6T0000000653,E3,0.0324,54,
B6T0000000654,E3,0.0166,60,
B6T0000000655,E3,0.0116,50,
B6T0000000656,E3,0.0137,31,
B6T0000000657,E3,0.0151,39,
B6T0000000658,E3,0.0246,30,
B6T0000000659,E3,0.0209,59,
B6T0000000660,E3,0.0149,60,
B6T0000000661,E3,0.3745,30,
B6T0000000662,E3,0.0225,30,
B6T0000000663,E3,0.013,47,
B6T0000000664,E3,0.0113,30,
B6T0000000665,E3,0.0119,37,
B6T0000000666,E3,0.0131,60,
B6T0000000667,E3,0.012,33,
B6T0000000668,E3,0.0123,30,
B6T0000000669,E3,0.0137,30,
B6T0000000670,E3,0.0121,60,
B6T0000000671,E3,0.0687,34,
B6T0000000672,E3,0.0111,30,
B6T0000000673,E3,0.0192,60,
B6T0000000674,E3,0.0161,60,
B6T0000000675,E3,0.2996,30,
B6T0000000676,E3,0.0114,30,
B6T0000000677,E3,0.0158,60,
B6T0000000678,E3,0.1895,30,
B6T0000000679,E3,0.0551,60,
B6T0000000680,E3,0.0426,30,
B6T0000000681,E3,0.0133,60,
B6T0000000682,E3,0.0121,30,
B6T0000000683,E3,0.026,60,
B6T0000000684,E3,0.0942,39,
B6T0000000685,E3,0.0204,30,
B6T0000000686,E3,0.021,30,
B6T0000000687,E3,0.0136,60,
B6T0000000688,E3,0.0352,42,
B6T0000000689,E3,0.0123,59,
B6T0000000690,E3,0.0143,60,
B6T0000000691,E3,0.0164,30,
B6T0000000692,E3,0.0187,60,
B6T0000000693,E3,0.013,42,
B6T0000000694,E3,0.0115,30,
B6T0000000695,E3,0.0227,30,
B6T0000000696,E3,0.0137,34,
B6T0000000697,E3,0.0214,60,
B6T0000000698,E3,0.0119,36,
B6T0000000699,E3,0.0179,60,
B6T0000000700,E3,0.0195,30,
B6T0000000701,E3,0.0108,39,
B6T0000000702,E3,0.0146,30,
B6T0000000703,E3,0.0117,50,
B6T0000000704,E3,0.0109,60,
B6T0000000705,E3,0.4788,30,
B6T0000000706,E3,0.0143,30,
B6T0000000707,E3,0.0413,45,
B6T0000000708,E3,0.0132,53,
B6T0000000709,E3,0.0269,52,
B6T0000000710,E3,0.034,60,
B6T0000000711,E3,0.022,30,
B6T0000000712,E3,0.0176,60,
B6T0000000713,E3,0.0161,60,
B6T0000000714,E3,0.0148,30,
B6T0000000715,E3,0.0944,49,
B6T0000000716,E3,0.0455,30,
B6T0000000717,E3,0.1692,37,
B6T0000000718,E3,0.0116,50,
B6T0000000719,E3,0.0309,30,
B6T0000000720,E3,0.1055,30,
B6T0000000721,E3,0.0122,40,
B6T0000000722,E3,0.011,30,
B6T0000000723,E3,0.0319,30,
B6T0000000724,E3,0.0211,60,
B6T0000000725,E3,0.0481,30,
B6T0000000726,E3,0.0117,60,
B6T0000000727,E3,0.0388,54,
B6T0000000728,E3,0.0125,30,
B6T0000000729,E3,0.012,30,
B6T0000000730,E3,0.012,60,
B6T0000000731,E3,0.0422,30,
B6T0000000732,E3,0.0258,30,
B6T0000000733,E3,0.0192,54,
B6T0000000734,E3,0.015,60,
B6T0000000735,E3,0.0594,33,
B6T0000000736,E3,0.0157,30,
B6T0000000737,E3,0.0425,60,
B6T0000000738,E3,0.0168,60,
B6T0000000739,E3,0.0154,60,
B6T0000000740,E3,0.0174,41,
B6T0000000741,E3,0.014,30,
B6T0000000742,E3,0.0326,30,
B6T0000000743,E3,0.0185,56,
B6T0000000744,E3,0.0129,52,
B6T0000000745,E3,0.0703,60,
B6T0000000746,E3,0.0155,60,
B6T0000000747,E3,0.0199,30,
B6T0000000748,E3,0.0746,60,
B6T0000000749,E3,0.0234,30,
B6T0000000750,E3,0.0115,30,
B6T0000000751,E3,0.1077,46,
B6T0000000752,E3,0.0236,60,
B6T0000000753,E3,0.0145,60,
B6T0000000754,E3,0.0117,59,
B6T0000000755,E3,0.0386,34,
B6T0000000756,E3,0.0232,57,
B6T0000000757,E3,0.0195,60,
B6T0000000758,E3,0.0671,31,
B6T0000000759,E3,0.0378,60,
B6T0000000760,E3,0.0119,46,
B6T0000000761,E3,0.0141,55,
B6T0000000762,E3,0.0131,60,
B6T0000000763,E3,0.0322,52,
B6T0000000764,E3,0.0106,60,
B6T0000000765,E3,0.0209,30,
B6T0000000766,E3,0.0343,30,
B6T0000000767,E3,0.0592,30,
B6T0000000768,E3,0.0147,53,
B6T0000000769,E3,0.0435,60,
B6T0000000770,E3,0.0114,54,
B6T0000000771,E3,0.0493,60,
B6T0000000772,E3,0.0116,39,
B6T0000000773,E3,0.0158,60,
B6T0000000774,E3,0.0391,30,
B6T0000000775,E3,0.0119,30,
B6T0000000776,E3,0.0129,60,
B6T0000000777,E3,0.0301,60,
B6T0000000778,E3,0.0299,32,
B6T0000000779,E3,0.0243,37,
B6T0000000780,E3,0.0278,30,
B6T0000000781,E3,0.0199,30,
B6T0000000782,E3,0.0132,60,
B6T0000000783,E3,0.0147,58,
B6T0000000784,E3,0.0122,55,
B6T0000000785,E3,0.0759,40,
B6T0000000786,E3,0.0215,39,
B6T0000000787,E3,0.0159,30,
B6T0000000788,E3,0.0173,60,
B6T0000000789,E3,0.1202,52,
B6T0000000790,E3,0.0119,55,
B6T0000000791,E3,0.0216,30,
B6T0000000792,E3,0.0186,30,
B6T0000000793,E3,0.0228,60,
B6T0000000794,E3,0.0105,30,
B6T0000000795,E3,0.0574,30,
B6T0000000796,E3,0.0974,60,
B6T0000000797,E3,0.0207,30,
B6T0000000798,E3,0.028,60,
B6T0000000799,E3,0.0872,60,
B6T0000000800,E3,0.0288,60,
B6T0000000801,E3,0.0119,30,
B6T0000000802,E3,0.0212,60,
B6T0000000803,E3,0.0225,47,
B6T0000000804,E3,0.0164,30,
B6T0000000805,E3,0.0314,43,
B6T0000000806,E3,0.1002,30,
B6T0000000807,E3,0.0902,52,
B6T0000000808,E3,0.0171,30,
B6T0000000809,E3,0.0114,30,
B6T0000000810,E3,0.3397,30,
B6T0000000811,E3,0.0474,60,
B6T0000000812,E3,0.0116,30,
B6T0000000813,E3,0.0857,60,
B6T0000000814,E3,0.0566,30,
B6T0000000815,E3,0.019,30,
B6T0000000816,E3,0.0218,30,
B6T0000000817,E3,0.0158,60,
B6T0000000818,E3,0.0108,35,
B6T0000000819,E3,0.0145,30,
B6T0000000820,E3,0.0401,44,
B6T0000000821,E3,0.0104,55,
B6T0000000822,E3,0.0145,60,
B6T0000000823,E3,0.0158,60,
B6T0000000824,E3,0.0197,30,
B6T0000000825,E3,0.0848,30,
B6T0000000826,E3,0.0148,30,
B6T0000000827,E3,0.0148,47,
B6T0000000828,E3,0.0316,30,
B6T0000000829,E3,0.0171,30,
B6T0000000830,E3,0.0128,49,
B6T0000000831,E3,0.0171,38,
B6T0000000832,E3,0.0117,40,
B6T0000000833,E3,0.0122,30,
B6T0000000834,E3,0.0184,33,
B6T0000000835,E3,0.0163,30,
B6T0000000836,E3,0.0806,60,
B6T0000000837,E3,0.0151,60,
B6T0000000838,E3,0.0214,30,
B6T0000000839,E3,0.0238,30,
B6T0000000840,E3,0.0105,30,
B6T0000000841,E3,0.0257,30,
B6T0000000842,E3,0.0122,37,
B6T0000000843,E3,0.1548,30,
B6T0000000844,E3,0.0118,30,
B6T0000000845,E3,0.0162,30,
B6T0000000846,E3,0.0111,45,
B6T0000000847,E3,1.2661,41,
B6T0000000848,E3,0.0185,30,
B6T0000000849,E3,0.022,44,
B6T0000000850,E3,0.011,30,
B6T0000000851,E3,0.0329,32,
B6T0000000852,E3,0.0126,60,
B6T0000000853,E3,0.0694,60,
B6T0000000854,E3,0.0125,30,
B6T0000000855,E3,0.0123,60,
B6T0000000856,E3,0.0107,60,
B6T0000000857,E3,0.0176,30,
B6T0000000858,E3,0.0207,60,
B6T0000000859,E3,0.011,60,
B6T0000000860,E3,0.0359,30,
B6T0000000861,E3,0.0171,30,
B6T0000000862,E3,0.0192,60,
B6T0000000863,E3,0.0168,47,
B6T0000000864,E3,0.0159,57,
B6T0000000865,E3,0.0205,49,
B6T0000000866,E3,0.0119,51,
B6T0000000867,E3,0.0122,30,
B6T0000000868,E3,0.0538,60,
B6T0000000869,E3,0.118,60,
B6T0000000870,E3,0.0153,33,
B6T0000000871,E3,0.0135,38,
B6T0000000872,E3,0.0245,30,
B6T0000000873,E3,0.016,56,
B6T0000000874,E3,0.0106,58,
B6T0000000875,E3,0.0119,37,
B6T0000000876,E3,0.0295,60,
B6T0000000877,E3,0.0254,31,
B6T0000000878,E3,0.0106,58,
B6T0000000879,E3,0.0128,30,
B6T0000000880,E3,0.0129,38,
B6T0000000881,E3,0.0262,34,
B6T0000000882,E3,0.0105,46,
B6T0000000883,E3,0.0113,30,
B6T0000000884,E3,0.0396,35,
B6T0000000885,E3,0.0122,60,
B6T0000000886,E3,0.025,30,
B6T0000000887,E3,0.013,30,
B6T0000000888,E3,0.0113,60,
B6T0000000889,E3,0.0131,60,
B6T0000000890,E3,0.0301,30,
B6T0000000891,E3,0.0519,60,
B6T0000000892,E3,0.0454,30,
B6T0000000893,E3,0.0158,47,
B6T0000000894,E3,0.0259,48,
B6T0000000895,E3,0.0125,33,
B6T0000000896,E3,0.0138,30,
B6T0000000897,E3,0.0684,30,
B6T0000000898,E3,0.0105,30,
B6T0000000899,E3,0.0112,30,
B6T0000000900,E3,0.0126,37,
B6T0000000901,E3,0.0106,30,
B6T0000000902,E3,0.0122,60,
B6T0000000903,E3,0.0215,60,
B6T0000000904,E3,0.0163,30,
B6T0000000905,E3,0.0665,46,
B6T0000000906,E3,0.0427,55,
B6T0000000907,E3,0.0147,54,
B6T0000000908,E3,0.0133,41,
B6T0000000909,E3,0.0154,60,
B6T0000000910,E3,0.0218,55,
B6T0000000911,E3,0.0134,30,
B6T0000000912,E3,0.0234,60,
B6T0000000913,E3,0.0161,60,
B6T0000000914,E3,0.0202,30,
B6T0000000915,E3,0.0167,40,
B6T0000000916,E3,0.0138,60,
B6T0000000917,E3,0.1225,34,
B6T0000000918,E3,0.0344,60,
B6T0000000919,E3,0.0117,60,
B6T0000000920,E3,0.0561,30,
B6T0000000921,E3,0.0181,30,
B6T0000000922,E3,0.0675,48,
B6T0000000923,E3,0.0396,60,
B6T0000000924,E3,0.0164,33,
B6T0000000925,E3,0.0105,60,
B6T0000000926,E3,0.0134,30,
B6T0000000927,E3,0.0198,60,
B6T0000000928,E3,0.0239,30,
B6T0000000929,E3,0.0133,60,
B6T0000000930,E3,0.0117,60,
B6T0000000931,E3,0.0464,30,
B6T0000000932,E3,0.3317,30,
B6T0000000933,E3,0.0193,60,
B6T0000000934,E3,0.0121,30,
B6T0000000935,E3,0.0135,38,
B6T0000000936,E3,0.0105,40,
B6T0000000937,E3,0.0802,30,
B6T0000000938,E3,0.0115,39,
B6T0000000939,E3,0.0212,30,
B6T0000000940,E3,0.0135,30,
B6T0000000941,E3,0.0203,60,
B6T0000000942,E3,0.0249,30,
B6T0000000943,E3,0.0453,60,
B6T0000000944,E3,0.0125,32,
B6T0000000945,E3,0.0104,32,
B6T0000000946,E3,0.0117,60,
B6T0000000947,E3,0.0705,49,
B6T0000000948,E3,0.0581,58,
B6T0000000949,E3,0.0221,60,
B6T0000000950,E3,0.0222,31,
B6T0000000951,E3,0.0258,30,
B6T0000000952,E3,0.0122,30,
B6T0000000953,E3,0.0803,30,
B6T0000000954,E3,0.0163,60,
B6T0000000955,E3,0.0155,60,
B6T0000000956,E3,0.019,30,
B6T0000000957,E3,0.0108,30,
B6T0000000958,E3,0.012,55,
B6T0000000959,E3,0.0316,57,
B6T0000000960,E3,0.0111,57,
B6T0000000961,E3,0.0224,33,
B6T0000000962,E3,0.0131,36,
B6T0000000963,E3,0.0156,49,
B6T0000000964,E3,0.0137,41,
B6T0000000965,E3,0.0149,30,
B6T0000000966,E3,0.0298,33,
B6T0000000967,E3,0.0139,30,
B6T0000000968,E3,0.0208,44,
B6T0000000969,E3,0.0177,60,
B6T0000000970,E3,0.0257,50,
B6T0000000971,E3,0.1034,31,
B6T0000000972,E3,0.0311,60,
B6T0000000973,E3,0.0127,55,
B6T0000000974,E3,0.0106,52,
B6T0000000975,E3,0.0133,59,
B6T0000000976,E3,0.022,60,
B6T0000000977,E3,0.0108,30,
B6T0000000978,E3,0.0183,54,
B6T0000000979,E3,0.0221,30,
B6T0000000980,E3,0.0145,57,
B6T0000000981,E3,0.0353,30,
B6T0000000982,E3,0.0114,30,
B6T0000000983,E3,0.011,32,
B6T0000000984,E3,0.0306,60,
B6T0000000985,E3,0.0183,60,
B6T0000000986,E3,0.0273,30,
B6T0000000987,E3,0.0167,40,
B6T0000000988,E3,0.0131,30,
B6T0000000989,E3,0.043,30,
B6T0000000990,E3,0.0395,33,
B6T0000000991,E3,0.0278,31,
B6T0000000992,E3,0.0135,60,
B6T0000000993,E3,0.0218,53,
B6T0000000994,E3,0.015,30,
B6T0000000995,E3,0.0112,30,
B6T0000000996,E3,0.0826,60,
B6T0000000997,E3,0.0117,60,
B6T0000000998,E3,0.1261,30,
B6T0000000999,E3,0.0169,30,
B6T0000001000,E3,0.0123,60,
B6T0000001001,E3,0.0198,51,
B6T0000001002,E3,0.0578,30,
B6T0000001003,E3,0.031,57,
B6T0000001004,E3,0.0407,30,
B6T0000001005,E3,0.0254,39,
B6T0000001006,E3,0.0276,49,
B6T0000001007,E3,0.0501,60,
B6T0000001008,E3,0.0131,30,
B6T0000001009,E3,0.0181,41,
B6T0000001010,E3,0.0127,30,
B6T0000001011,E3,0.4034,47,
B6T0000001012,E3,0.1144,30,
B6T0000001013,E3,0.0107,30,
B6T0000001014,E3,0.0287,30,
B6T0000001015,E3,0.0899,60,
B6T0000001016,E3,0.0122,60,
B6T0000001017,E3,0.0208,33,
B6T0000001018,E3,0.0811,40,
B6T0000001019,E3,0.0107,30,
B6T0000001020,E3,0.028,32,
B6T0000001021,E3,0.0139,38,
B6T0000001022,E3,0.089,60,
B6T0000001023,E3,0.1982,30,
B6T0000001024,E3,0.1148,60,
B6T0000001025,E3,0.0177,60,
B6T0000001026,E3,0.0539,47,
B6T0000001027,E3,0.0488,60,
B6T0000001028,E3,0.0143,50,
B6T0000001029,E3,0.0451,51,
B6T0000001030,E3,0.0107,37,
B6T0000001031,E3,0.022,60,
B6T0000001032,E3,0.0129,60,
B6T0000001033,E3,0.0115,30,
B6T0000001034,E3,0.0111,30,
B6T0000001035,E3,0.0279,34,
B6T0000001036,E3,0.0146,30,
B6T0000001037,E3,0.0303,37,
B6T0000001038,E3,0.0109,60,
B6T0000001039,E3,0.0142,30,
B6T0000001040,E3,0.0198,38,
B6T0000001041,E3,0.0381,41,
B6T0000001042,E3,0.0143,60,
B6T0000001043,E3,0.0235,30,
B6T0000001044,E3,0.0632,30,
B6T0000001045,E3,0.023,45,
B6T0000001046,E3,0.0129,60,
B6T0000001047,E3,0.0106,30,
B6T0000001048,E3,0.0567,30,
B6T0000001049,E3,0.0105,60,
B6T0000001050,E3,0.0584,30,
B6T0000001051,E3,0.0194,30,
B6T0000001052,E3,0.1066,30,
B6T0000001053,E3,0.0394,34,
B6T0000001054,E3,1.788,30,
B6T0000001055,E3,0.0148,30,
B6T0000001056,E3,0.0349,60,
B6T0000001057,E3,0.0159,60,
B6T0000001058,E3,0.0178,60,
B6T0000001059,E3,0.0236,30,
B6T0000001060,E3,0.058,34,
B6T0000001061,E3,0.3261,39,
B6T0000001062,E3,0.035,59,
B6T0000001063,E3,0.0162,60,
B6T0000001064,E3,0.0163,30,
B6T0000001065,E3,0.0316,41,
B6T0000001066,E3,0.013,54,
B6T0000001067,E3,0.0114,60,
B6T0000001068,E3,0.0149,60,
B6T0000001069,E3,0.0137,60,
B6T0000001070,E3,0.0139,41,
B6T0000001071,E3,0.0129,60,
B6T0000001072,E3,0.0107,52,
B6T0000001073,E3,0.0105,30,
B6T0000001074,E3,0.4049,60,
B6T0000001075,E3,0.0165,60,
B6T0000001076,E3,0.0155,30,
B6T0000001077,E3,0.0267,30,
B6T0000001078,E3,0.0127,48,
B6T0000001079,E3,0.1256,54,
B6T0000001080,E3,0.0375,45,
B6T0000001081,E3,0.0112,48,
B6T0000001082,E3,0.0162,60,
B6T0000001083,E3,0.0602,60,
B6T0000001084,E3,0.1156,44,
B6T0000001085,E3,0.0175,60,
B6T0000001086,E3,0.0229,30,
B6T0000001087,E3,0.0121,51,
B6T0000001088,E3,0.5328,60,
B6T0000001089,E3,0.0129,33,
B6T0000001090,E3,0.1122,30,
B6T0000001091,E3,0.0248,30,
B6T0000001092,E3,0.0226,30,
B6T0000001093,E3,0.0188,30,
B6T0000001094,E3,0.0129,30,
B6T0000001095,E3,0.0122,30,
B6T0000001096,E3,0.0127,39,
B6T0000001097,E3,0.0123,60,
B6T0000001098,E3,0.0365,30,
B6T0000001099,E3,0.0148,60,
B6T0000001100,E3,0.0109,56,
B6T0000001101,E3,0.1876,60,
B6T0000001102,E3,0.0622,30,
B6T0000001103,E3,0.0925,60,
B6T0000001104,E3,0.8431,30,
B6T0000001105,E3,0.0121,60,
B6T0000001106,E3,0.0158,44,
B6T0000001107,E3,0.0338,57,
B6T0000001108,E3,0.0279,30,
B6T0000001109,E3,0.0119,30,
B6T0000001110,E3,0.0424,59,
B6T0000001111,E3,0.0128,30,
B6T0000001112,E3,0.0128,54,
B6T0000001113,E3,0.0197,30,
B6T0000001114,E3,0.0219,60,
B6T0000001115,E3,0.0213,30,
B6T0000001116,E3,0.0112,57,
B6T0000001117,E3,0.0595,60,
B6T0000001118,E3,0.0134,30,
B6T0000001119,E3,0.0116,58,
B6T0000001120,E3,0.0645,47,
B6T0000001121,E3,0.1388,30,
B6T0000001122,E3,0.054,30,
B6T0000001123,E3,0.0412,30,
B6T0000001124,E3,0.0251,50,
B6T0000001125,E3,0.0202,30,
B6T0000001126,E3,0.0112,42,
B6T0000001127,E3,0.016,32,
B6T0000001128,E3,0.0153,60,
B6T0000001129,E3,0.0133,31,
B6T0000001130,E3,0.0302,31,
B6T0000001131,E3,0.0183,60,
B6T0000001132,E3,0.0111,49,
B6T0000001133,E3,0.0127,49,
B6T0000001134,E3,0.027,54,
B6T0000001135,E3,0.0111,30,
B6T0000001136,E3,0.0506,60,
B6T0000001137,E3,0.0183,60,
B6T0000001138,E3,0.0179,30,
B6T0000001139,E3,0.0219,33,
B6T0000001140,E3,0.0442,38,
B6T0000001141,E3,0.0148,35,
B6T0000001142,E3,0.0266,49,
B6T0000001143,E3,0.0207,60,
B6T0000001144,E3,0.0134,60,
B6T0000001145,E3,0.06,30,
B6T0000001146,E3,0.0392,60,
B6T0000001147,E3,0.0253,60,
B6T0000001148,E3,0.0505,51,
B6T0000001149,E3,0.0557,60,
B6T0000001150,E3,0.0289,60,
B6T0000001151,E3,0.0469,60,
B6T0000001152,E3,0.028,46,
B6T0000001153,E3,0.0268,60,
B6T0000001154,E3,0.0231,43,
B6T0000001155,E3,0.0332,40,
B6T0000001156,E3,0.012,30,
B6T0000001157,E3,0.0609,60,
B6T0000001158,E3,0.0573,30,
B6T0000001159,E3,0.0106,60,
B6T0000001160,E3,0.0444,55,
B6T0000001161,E3,0.0116,30,
B6T0000001162,E3,0.0145,50,
B6T0000001163,E3,0.0322,30,
B6T0000001164,E3,0.012,60,
B6T0000001165,E3,0.0428,60,
B6T0000001166,E3,0.0458,30,
B6T0000001167,E3,0.0187,42,
B6T0000001168,E3,0.0104,60,
B6T0000001169,E3,0.0137,30,
B6T0000001170,E3,0.023,30,
B6T0000001171,E3,0.2837,60,
B6T0000001172,E3,0.0238,60,
B6T0000001173,E3,0.0133,39,
B6T0000001174,E3,0.0239,60,
B6T0000001175,E3,0.0198,60,
B6T0000001176,E3,0.0365,30,
B6T0000001177,E3,0.0114,30,
B6T0000001178,E3,0.0341,60,
B6T0000001179,E3,0.0198,60,
B6T0000001180,E3,0.1614,58,
B6T0000001181,E3,0.0147,30,
B6T0000001182,E3,0.0238,60,
B6T0000001183,E3,0.0973,30,
B6T0000001184,E3,0.0113,31,
B6T0000001185,E3,0.1039,49,
B6T0000001186,E3,0.0273,60,
B6T0000001187,E3,0.011,60,
B6T0000001188,E3,0.0139,52,
B6T0000001189,E3,0.0289,54,
B6T0000001190,E3,0.011,40,
B6T0000001191,E3,0.0214,57,
B6T0000001192,E3,0.0147,30,
B6T0000001193,E3,0.0232,32,
B6T0000001194,E3,0.0108,46,
B6T0000001195,E3,0.0572,30,
B6T0000001196,E3,0.2132,51,
B6T0000001197,E3,0.1865,34,
B6T0000001198,E3,0.0328,60,
B6T0000001199,E3,0.0116,60,
B6T0000001200,E3,0.0338,30,
B6T0000001201,E3,0.0106,35,
B6T0000001202,E3,0.0105,37,
B6T0000001203,E3,0.0143,30,
B6T0000001204,E3,0.0181,45,
B6T0000001205,E3,0.0353,30,
B6T0000001206,E3,0.027,30,
B6T0000001207,E3,0.0169,60,
B6T0000001208,E3,0.0135,60,
B6T0000001209,E3,1.3573,30,
B6T0000001210,E3,0.0164,60,
B6T0000001211,E3,0.0171,30,
B6T0000001212,E3,0.012,46,
B6T0000001213,E3,0.0387,60,
B6T0000001214,E3,0.0277,38,
B6T0000001215,E3,0.0127,53,
B6T0000001216,E3,0.0111,30,
B6T0000001217,E3,0.0268,34,
B6T0000001218,E3,0.0251,34,
B6T0000001219,E3,0.0135,30,
B6T0000001220,E3,0.1275,34,
B6T0000001221,E3,0.0119,30,
B6T0000001222,E3,0.0166,30,
B6T0000001223,E3,0.1137,32,
B6T0000001224,E3,0.0163,33,
B6T0000001225,E3,0.0242,33,
B6T0000001226,E3,0.0158,37,
B6T0000001227,E3,0.0135,54,
B6T0000001228,E3,0.3243,60,
B6T0000001229,E3,0.0161,30,
B6T0000001230,E3,0.0672,30,
B6T0000001231,E3,0.0129,30,
B6T0000001232,E3,0.0126,30,
B6T0000001233,E3,0.0106,30,
B6T0000001234,E3,0.0249,30,
B6T0000001235,E3,0.0152,30,
B6T0000001236,E3,0.0547,30,
B6T0000001237,E3,0.0177,44,
B6T0000001238,E3,0.1832,59,
B6T0000001239,E3,0.0123,30,
B6T0000001240,E3,0.0562,30,
B6T0000001241,E3,0.0361,30,
B6T0000001242,E3,0.0353,38,
B6T0000001243,E3,0.0489,30,
B6T0000001244,E3,0.0341,58,
B6T0000001245,E3,0.0235,30,
B6T0000001246,E3,0.0116,30,
B6T0000001247,E3,0.0106,48,
B6T0000001248,E3,0.0857,44,
B6T0000001249,E3,0.023,60,
B6T0000001250,E3,0.039,50,
B6T0000001251,E3,0.0179,30,
B6T0000001252,E3,0.0115,36,
B6T0000001253,E3,0.0116,30,
B6T0000001254,E3,0.0271,37,
B6T0000001255,E3,0.0165,30,
B6T0000001256,E3,0.0125,60,
B6T0000001257,E3,0.0182,30,
B6T0000001258,E3,0.0109,36,
B6T0000001259,E3,0.0214,30,
B6T0000001260,E3,0.0134,60,
B6T0000001261,E3,0.0392,31,
B6T0000001262,E3,0.0141,60,
B6T0000001263,E3,0.0172,60,
B6T0000001264,E3,0.0105,55,
B6T0000001265,E3,0.011,50,
B6T0000001266,E3,0.0157,51,
B6T0000001267,E3,0.0178,30,
B6T0000001268,E3,0.0222,32,
B6T0000001269,E3,0.0138,60,
B6T0000001270,E3,0.0278,38,
B6T0000001271,E3,0.0533,30,
B6T0000001272,E3,0.0365,38,
B6T0000001273,E3,0.0107,60,
B6T0000001274,E3,0.0179,60,
B6T0000001275,E3,0.0114,37,
B6T0000001276,E3,0.013,60,
B6T0000001277,E3,0.3779,30,
B6T0000001278,E3,0.0118,30,
B6T0000001279,E3,0.0184,30,
B6T0000001280,E3,0.0231,60,
B6T0000001281,E3,0.0284,32,
B6T0000001282,E3,0.0205,33,
B6T0000001283,E3,0.0104,32,
B6T0000001284,E3,0.0144,60,
B6T0000001285,E3,0.019,60,
B6T0000001286,E3,0.0112,60,
B6T0000001287,E3,0.0148,35,
B6T0000001288,E3,0.0106,48,
B6T0000001289,E3,0.0111,30,
B6T0000001290,E3,0.0158,60,
B6T0000001291,E3,0.0117,30,
B6T0000001292,E3,0.0208,45,
B6T0000001293,E3,0.0274,30,
B6T0000001294,E3,0.0397,30,
B6T0000001295,E3,0.0125,30,
B6T0000001296,E3,0.0121,30,
B6T0000001297,E3,0.0113,30,
B6T0000001298,E3,0.0241,30,
B6T0000001299,E3,0.0287,60,
B6T0000001300,E3,0.0106,30,
B6T0000001301,E3,0.1026,45,
B6T0000001302,E3,0.0108,60,
B6T0000001303,E3,0.0198,30,
B6T0000001304,E3,0.029,30,
B6T0000001305,E3,0.057,33,
B6T0000001306,E3,0.0294,60,
B6T0000001307,E3,0.0399,45,
B6T0000001308,E3,0.0146,30,
B6T0000001309,E3,0.0422,55,
B6T0000001310,E3,0.0111,30,
B6T0000001311,E3,0.0676,60,
B6T0000001312,E3,0.02,52,
B6T0000001313,E3,0.0427,31,
B6T0000001314,E3,0.0171,30,
B6T0000001315,E3,0.0245,30,
B6T0000001316,E3,0.0193,57,
B6T0000001317,E3,0.031,60,
B6T0000001318,E3,0.0111,30,
B6T0000001319,E3,0.0109,54,
B6T0000001320,E1,0.0131,11,
B6T0000001321,E1,0.012,12,
B6T0000001322,E1,0.0573,16,
B6T0000001323,E1,0.0127,11,
B6T0000001324,E1,0.2305,11,
B6T0000001325,E1,0.0146,11,
B6T0000001326,E1,0.0122,19,
B6T0000001327,E1,0.038,15,
B6T0000001328,E1,0.0254,11,
B6T0000001329,E1,0.0184,11,
B6T0000001330,E1,0.0203,12,
B6T0000001331,E1,0.0298,21,
B6T0000001332,E1,0.0128,11,
B6T0000001333,E1,1.1086,12,
B6T0000001334,E1,0.2223,12,
B6T0000001335,E1,0.0248,31,
B6T0000001336,E1,0.0125,13,
B6T0000001337,E1,0.0268,20,
B6T0000001338,E1,0.011,18,
B6T0000001339,E1,0.0106,11,
B6T0000001340,E1,0.0133,26,
B6T0000001341,E1,0.0174,19,
B6T0000001342,E1,0.056,22,
B6T0000001343,E1,0.0306,31,
B6T0000001344,E1,0.0321,11,
B6T0000001345,E1,0.0164,31,
B6T0000001346,E1,0.0147,14,
B6T0000001347,E1,0.0152,19,
B6T0000001348,E1,0.4029,16,
B6T0000001349,E1,0.0107,13,
B6T0000001350,E1,0.0556,12,
B6T0000001351,E1,0.0213,20,
B6T0000001352,E1,0.0167,11,
B6T0000001353,E1,0.0304,25,
B6T0000001354,E1,0.018,13,
B6T0000001355,E1,0.0579,11,
B6T0000001356,E1,0.0709,13,
B6T0000001357,E1,0.0163,31,
B6T0000001358,E1,0.0136,12,
B6T0000001359,E1,0.0219,20,
B6T0000001360,E1,0.0787,11,
B6T0000001361,E1,0.0126,25,
B6T0000001362,E1,0.0233,24,
B6T0000001363,E1,0.0238,31,
B6T0000001364,E1,0.0311,15,
B6T0000001365,E1,0.0116,24,
B6T0000001366,E1,0.0295,17,
B6T0000001367,E1,0.0763,31,
B6T0000001368,E1,0.0122,11,
B6T0000001369,E1,0.013,25,
B6T0000001370,E1,0.2001,15,
B6T0000001371,E1,0.0122,16,
B6T0000001372,E1,0.0516,17,
B6T0000001373,E1,0.0182,19,
B6T0000001374,E1,0.0131,15,
B6T0000001375,E1,0.0569,19,
B6T0000001376,E1,0.0169,31,
B6T0000001377,E1,0.0189,29,
B6T0000001378,E1,0.015,27,
B6T0000001379,E1,0.0219,13,
B6T0000001380,E1,0.012,11,
B6T0000001381,E1,0.0156,28,
B6T0000001382,E1,0.1892,27,
B6T0000001383,E1,0.0133,31,
B6T0000001384,E1,0.0252,12,
B6T0000001385,E1,0.0144,14,
B6T0000001386,E1,0.0357,11,
B6T0000001387,E1,0.0116,13,
B6T0000001388,E1,0.1914,29,
B6T0000001389,E1,0.0171,13,
B6T0000001390,E1,0.013,24,
B6T0000001391,E1,0.011,15,
B6T0000001392,E1,0.0121,20,
B6T0000001393,E1,0.0191,11,
B6T0000001394,E1,0.0146,17,
B6T0000001395,E1,0.0451,11,
B6T0000001396,E1,0.0166,15,
B6T0000001397,E1,0.0131,11,
B6T0000001398,E1,0.023,31,
B6T0000001399,E1,0.0288,26,
B6T0000001400,E1,0.0121,21,
B6T0000001401,E1,0.0121,31,
B6T0000001402,E1,0.0107,11,
B6T0000001403,E1,0.0314,31,
B6T0000001404,E1,0.0257,28,
B6T0000001405,E1,0.0177,14,
B6T0000001406,E1,0.0487,31,
B6T0000001407,E1,0.0405,11,
B6T0000001408,E1,0.0216,11,
B6T0000001409,E1,0.056,12,
B6T0000001410,E1,0.0125,12,
B6T0000001411,E1,0.0114,11,
B6T0000001412,E1,0.0134,31,
B6T0000001413,E1,0.0109,14,
B6T0000001414,E1,0.0195,20,
B6T0000001415,E1,0.1031,12,
B6T0000001416,E1,0.0107,11,
B6T0000001417,E1,0.0115,19,
B6T0000001418,E1,0.0171,11,
B6T0000001419,E1,0.0995,16,
B6T0000001420,E1,0.0142,11,
B6T0000001421,E1,0.0187,31,
B6T0000001422,E1,0.0107,28,
B6T0000001423,E1,0.0118,17,
B6T0000001424,E1,0.3771,31,
B6T0000001425,E1,0.1696,11,
B6T0000001426,E1,0.0104,22,
B6T0000001427,E1,0.1296,18,
B6T0000001428,E1,0.0242,19,
B6T0000001429,E1,0.0559,31,
B6T0000001430,E1,0.0172,25,
B6T0000001431,E1,0.0189,19,
B6T0000001432,E1,0.0181,11,
B6T0000001433,E1,0.0259,11,
B6T0000001434,E1,0.0117,15,
B6T0000001435,E1,0.0106,17,
B6T0000001436,E1,0.0141,11,
B6T0000001437,E1,0.0286,31,
B6T0000001438,E1,0.0125,31,
B6T0000001439,E1,0.0263,23,
B6T0000001440,E1,0.1918,17,
B6T0000001441,E1,0.0112,15,
B6T0000001442,E1,0.0262,11,
B6T0000001443,E1,0.0169,17,
B6T0000001444,E1,0.056,19,
B6T0000001445,E1,0.0122,11,
B6T0000001446,E1,0.0277,20,
B6T0000001447,E1,0.0472,15,
B6T0000001448,E1,0.1154,11,
B6T0000001449,E1,0.027,11,
B6T0000001450,E1,0.0184,13,
B6T0000001451,E1,0.0231,31,
B6T0000001452,E1,0.0563,23,
B6T0000001453,E1,0.0209,11,
B6T0000001454,E1,0.0106,22,
B6T0000001455,E1,0.096,11,
B6T0000001456,E1,0.0274,31,
B6T0000001457,E1,0.0265,13,
B6T0000001458,E1,0.0127,16,
B6T0000001459,E1,0.0254,31,
B6T0000001460,E1,0.0157,11,
B6T0000001461,E1,0.0249,11,
B6T0000001462,E1,0.0114,12,
B6T0000001463,E1,0.0253,30,
B6T0000001464,E1,5.1073,11,
B6T0000001465,E1,0.0108,11,
B6T0000001466,E1,0.2415,13,
B6T0000001467,E1,0.016,23,
B6T0000001468,E1,0.0569,31,
B6T0000001469,E1,0.0369,13,
B6T0000001470,E1,0.0208,13,
B6T0000001471,E1,0.0316,31,
B6T0000001472,E1,0.06,11,
B6T0000001473,E1,0.0159,13,
B6T0000001474,E1,0.0144,18,
B6T0000001475,E1,0.0259,21,
B6T0000001476,E1,0.0409,12,
B6T0000001477,E1,0.0343,17,
B6T0000001478,E1,0.0392,11,
B6T0000001479,E1,0.0167,11,
B6T0000001480,E1,0.0428,21,
B6T0000001481,E1,0.0115,11,
B6T0000001482,E1,0.0199,17,
B6T0000001483,E1,0.0104,21,
B6T0000001484,E1,0.0144,14,
B6T0000001485,E1,0.0151,18,
B6T0000001486,E1,0.0158,11,
B6T0000001487,E1,0.0279,15,
B6T0000001488,E1,0.0156,23,
B6T0000001489,E1,0.017,18,
B6T0000001490,E1,0.013,12,
B6T0000001491,E1,0.0153,19,
B6T0000001492,E1,0.0128,25,
B6T0000001493,E1,0.011,11,
B6T0000001494,E1,0.0224,31,
B6T0000001495,E1,0.026,14,
B6T0000001496,E1,0.0232,21,
B6T0000001497,E1,0.0174,31,
B6T0000001498,E1,0.0154,11,
B6T0000001499,E1,0.0544,11,
B6T0000001500,E1,0.019,14,
B6T0000001501,E1,0.0178,11,
B6T0000001502,E1,0.0106,31,
B6T0000001503,E1,0.0147,11,
B6T0000001504,E1,0.0154,12,
B6T0000001505,E1,0.0158,19,
B6T0000001506,E1,0.0213,11,
B6T0000001507,E1,0.0195,13,
B6T0000001508,E1,0.0226,20,
B6T0000001509,E1,0.0346,14,
B6T0000001510,E1,0.0419,16,
B6T0000001511,E1,0.0297,12,
B6T0000001512,E1,0.1385,11,
B6T0000001513,E1,0.0105,20,
B6T0000001514,E1,0.0124,31,
B6T0000001515,E1,0.0104,17,
B6T0000001516,E1,0.0247,19,
B6T0000001517,E1,0.0694,24,
B6T0000001518,E1,0.0131,11,
B6T0000001519,E1,0.0917,31,
B6T0000001520,E1,0.0109,18,
B6T0000001521,E1,0.1002,31,
B6T0000001522,E1,0.0149,11,
B6T0000001523,E1,0.0113,31,
B6T0000001524,E1,0.018,26,
B6T0000001525,E1,0.0133,23,
B6T0000001526,E1,0.0137,19,
B6T0000001527,E1,0.0141,14,
B6T0000001528,E1,0.0401,31,
B6T0000001529,E1,0.0197,18,
B6T0000001530,E1,0.0141,11,
B6T0000001531,E1,0.0227,11,
B6T0000001532,E1,0.0296,15,
B6T0000001533,E1,0.0135,20,
B6T0000001534,E1,0.0161,16,
B6T0000001535,E1,0.0115,31,
B6T0000001536,E1,0.0122,11,
B6T0000001537,E1,0.0268,18,
B6T0000001538,E1,0.0122,11,
B6T0000001539,E1,0.0193,25,
B6T0000001540,E1,0.029,16,
B6T0000001541,E1,0.0114,21,
B6T0000001542,E1,0.0208,11,
B6T0000001543,E1,0.0133,31,
B6T0000001544,E1,0.1612,30,
B6T0000001545,E1,0.018,23,
B6T0000001546,E1,0.0406,15,
B6T0000001547,E1,0.0201,23,
B6T0000001548,E1,0.0107,11,
B6T0000001549,E1,0.0239,27,
B6T0000001550,E1,0.1287,31,
B6T0000001551,E1,0.0223,30,
B6T0000001552,E1,0.043,11,
B6T0000001553,E1,0.0624,20,
B6T0000001554,E1,0.0128,11,
B6T0000001555,E1,0.0126,23,
B6T0000001556,E1,0.0227,21,
B6T0000001557,E1,0.0161,11,
B6T0000001558,E1,0.0476,11,
B6T0000001559,E1,0.0705,14,
B6T0000001560,E1,0.0149,14,
B6T0000001561,E1,0.013,11,
B6T0000001562,E1,0.0366,21,
B6T0000001563,E1,0.0135,19,
B6T0000001564,E1,0.0437,15,
B6T0000001565,E1,0.0164,11,
B6T0000001566,E1,0.0259,30,
B6T0000001567,E1,0.0113,31,
B6T0000001568,E1,0.0234,13,
B6T0000001569,E1,0.0171,12,
B6T0000001570,E1,0.0216,22,
B6T0000001571,E1,0.0121,13,
B6T0000001572,E1,0.0315,15,
B6T0000001573,E1,0.0542,25,
B6T0000001574,E1,0.0127,11,
B6T0000001575,E1,0.0113,31,
B6T0000001576,E1,0.0106,17,
B6T0000001577,E1,0.0244,13,
B6T0000001578,E1,0.0225,16,
B6T0000001579,E1,0.02,16,
B6T0000001580,E1,0.0129,11,
B6T0000001581,E1,0.0156,31,
B6T0000001582,E1,0.022,17,
B6T0000001583,E1,0.0183,21,
B6T0000001584,E1,0.4066,28,
B6T0000001585,E1,0.0117,11,
B6T0000001586,E1,0.0279,22,
B6T0000001587,E1,0.0159,14,
B6T0000001588,E1,0.0165,27,
B6T0000001589,E1,0.0297,11,
B6T0000001590,E1,0.0276,16,
B6T0000001591,E1,0.5373,12,
B6T0000001592,E1,0.0116,21,
B6T0000001593,E1,0.0113,22,
B6T0000001594,E1,0.0303,11,
B6T0000001595,E1,0.0213,11,
B6T0000001596,E1,0.0135,15,
B6T0000001597,E1,0.0111,11,
B6T0000001598,E1,0.0112,27,
B6T0000001599,E1,0.0673,13,
B6T0000001600,E1,0.0124,11,
B6T0000001601,E1,0.0143,13,
B6T0000001602,E1,0.0128,11,
B6T0000001603,E1,0.0149,11,
B6T0000001604,E1,0.011,11,
B6T0000001605,E1,0.019,18,
B6T0000001606,E1,0.011,31,
B6T0000001607,E1,0.0396,20,
B6T0000001608,E1,0.0129,12,
B6T0000001609,E1,0.0198,21,
B6T0000001610,E1,0.0606,13,
B6T0000001611,E1,0.0249,11,
B6T0000001612,E1,0.0195,11,
B6T0000001613,E1,0.0143,11,
B6T0000001614,E1,0.0145,13,
B6T0000001615,E1,0.026,18,
B6T0000001616,E1,0.7499,16,
B6T0000001617,E1,0.0255,13,
B6T0000001618,E1,0.0204,11,
B6T0000001619,E1,0.0309,23,
B6T0000001620,E1,0.0174,11,
B6T0000001621,E1,0.0109,26,
B6T0000001622,E1,0.0206,11,
B6T0000001623,E1,0.1442,11,
B6T0000001624,E1,0.0122,11,
B6T0000001625,E1,0.0275,12,
B6T0000001626,E1,0.0125,29,
B6T0000001627,E1,0.0196,22,
B6T0000001628,E1,0.0113,29,
B6T0000001629,E1,0.017,22,
B6T0000001630,E1,0.0336,11,
B6T0000001631,E1,0.0148,14,
B6T0000001632,E1,0.0257,11,
B6T0000001633,E1,0.0388,31,
B6T0000001634,E1,0.0918,11,
B6T0000001635,E1,0.0129,27,
B6T0000001636,E1,0.0158,27,
B6T0000001637,E1,0.0119,30,
B6T0000001638,E1,0.6094,12,
B6T0000001639,E1,0.0917,24,
B6T0000001640,E1,0.0198,30,
B6T0000001641,E1,0.0482,11,
B6T0000001642,E1,0.0191,10,
B6T0000001643,E1,0.0234,10,
B6T0000001644,E1,0.0112,24,
B6T0000001645,E1,0.0334,10,
B6T0000001646,E1,0.0116,12,
B6T0000001647,E1,0.0445,20,
B6T0000001648,E1,0.0368,17,
B6T0000001649,E1,0.0289,20,
B6T0000001650,E1,0.0107,18,
B6T0000001651,E1,0.014,30,
B6T0000001652,E1,0.0133,10,
B6T0000001653,E1,0.015,10,
B6T0000001654,E1,0.0112,10,
B6T0000001655,E1,0.1036,25,
B6T0000001656,E1,0.0203,27,
B6T0000001657,E1,0.014,20,
B6T0000001658,E1,0.0158,30,
B6T0000001659,E1,0.017,10,
B6T0000001660,E1,0.0222,30,
B6T0000001661,E1,0.0189,30,
B6T0000001662,E1,0.0844,24,
B6T0000001663,E1,0.0183,30,
B6T0000001664,E1,0.5883,10,
B6T0000001665,E1,0.0507,11,
B6T0000001666,E1,0.0126,10,
B6T0000001667,E1,0.0956,24,
B6T0000001668,E1,0.0115,10,
B6T0000001669,E1,0.0427,24,
B6T0000001670,E1,0.0154,30,
B6T0000001671,E1,0.0597,24,
B6T0000001672,E1,0.056,18,
B6T0000001673,E1,0.0406,10,
B6T0000001674,E1,0.038,10,
B6T0000001675,E1,0.014,30,
B6T0000001676,E1,0.0111,25,
B6T0000001677,E1,0.0159,15,
B6T0000001678,E1,0.0121,12,
B6T0000001679,E1,0.0278,10,
B6T0000001680,E1,0.0147,10,
B6T0000001681,E1,0.2285,30,
B6T0000001682,E1,0.0243,10,
B6T0000001683,E1,0.0437,17,
B6T0000001684,E1,0.0117,28,
B6T0000001685,E1,0.0539,10,
B6T0000001686,E1,0.0874,17,
B6T0000001687,E1,0.0181,27,
B6T0000001688,E1,0.0225,16,
B6T0000001689,E1,0.0346,30,
B6T0000001690,E1,0.0121,10,
B6T0000001691,E1,0.0185,29,
B6T0000001692,E1,0.0158,14,
B6T0000001693,E1,0.0118,25,
B6T0000001694,E1,0.0152,20,
B6T0000001695,E1,0.011,10,
B6T0000001696,E1,0.0106,18,
B6T0000001697,E1,0.0117,10,
B6T0000001698,E1,0.1619,22,
B6T0000001699,E1,0.0201,19,
B6T0000001700,E1,0.1725,23,
B6T0000001701,E1,0.0166,29,
B6T0000001702,E1,0.0141,19,
B6T0000001703,E1,0.0186,17,
B6T0000001704,E1,0.0168,10,
B6T0000001705,E1,0.0114,10,
B6T0000001706,E1,0.0243,30,
B6T0000001707,E1,0.0127,30,
B6T0000001708,E1,0.0232,13,
B6T0000001709,E1,0.0248,16,
B6T0000001710,E1,0.0119,10,
B6T0000001711,E1,0.0109,30,
B6T0000001712,E1,0.0367,23,
B6T0000001713,E1,0.0173,30,
B6T0000001714,E1,0.0109,10,
B6T0000001715,E1,0.8374,12,
B6T0000001716,E1,0.0109,18,
B6T0000001717,E1,0.0278,23,
B6T0000001718,E1,0.3194,14,
B6T0000001719,E1,0.013,10,
B6T0000001720,E1,0.0118,26,
B6T0000001721,E1,0.0115,24,
B6T0000001722,E1,0.014,10,
B6T0000001723,E1,0.0113,30,
B6T0000001724,E1,0.0276,30,
B6T0000001725,E1,0.0109,17,
B6T0000001726,E1,0.0187,16,
B6T0000001727,E1,1.2092,22,
B6T0000001728,E1,0.042,10,
B6T0000001729,E1,0.0229,16,
B6T0000001730,E1,0.014,10,
B6T0000001731,E1,0.0234,26,
B6T0000001732,E1,0.0193,10,
B6T0000001733,E1,0.0164,30,
B6T0000001734,E1,0.0116,13,
B6T0000001735,E1,0.0635,14,
B6T0000001736,E1,0.017,11,
B6T0000001737,E1,0.0124,13,
B6T0000001738,E1,0.0152,30,
B6T0000001739,E1,0.0162,10,
B6T0000001740,E1,0.0448,30,
B6T0000001741,E1,0.0312,19,
B6T0000001742,E1,0.0351,10,
B6T0000001743,E1,0.0104,10,
B6T0000001744,E1,0.0162,30,
B6T0000001745,E1,0.0179,10,
B6T0000001746,E1,0.0105,10,
B6T0000001747,E1,0.0133,30,
B6T0000001748,E1,0.034,19,
B6T0000001749,E1,0.0117,10,
B6T0000001750,E1,0.0196,18,
B6T0000001751,E1,0.0127,10,
B6T0000001752,E1,0.0105,30,
B6T0000001753,E1,0.013,29,
B6T0000001754,E1,0.2306,21,
B6T0000001755,E1,0.0398,19,
B6T0000001756,E1,0.15,30,
B6T0000001757,E1,0.0181,15,
B6T0000001758,E1,0.0114,10,
B6T0000001759,E1,0.0201,20,
B6T0000001760,E1,0.0171,30,
B6T0000001761,E1,0.0488,10,
B6T0000001762,E1,0.0113,12,
B6T0000001763,E1,0.0181,20,
B6T0000001764,E1,0.0119,15,
B6T0000001765,E1,0.0144,10,
B6T0000001766,E1,0.0315,30,
B6T0000001767,E1,0.0177,30,
B6T0000001768,E1,0.0153,17,
B6T0000001769,E1,0.0157,10,
B6T0000001770,E1,0.0173,10,
B6T0000001771,E1,0.0373,18,
B6T0000001772,E1,0.0662,30,
B6T0000001773,E1,0.138,21,
B6T0000001774,E1,0.0375,15,
B6T0000001775,E1,0.0142,11,
B6T0000001776,E1,0.0273,10,
B6T0000001777,E1,0.0167,26,
B6T0000001778,E1,0.0132,27,
B6T0000001779,E1,0.0479,10,
B6T0000001780,E1,0.0107,30,
B6T0000001781,E1,0.0716,22,
B6T0000001782,E1,0.0173,30,
B6T0000001783,E1,0.0241,10,
B6T0000001784,E1,0.0254,10,
B6T0000001785,E1,0.0678,14,
B6T0000001786,E1,0.0241,21,
B6T0000001787,E1,0.0229,30,
B6T0000001788,E1,0.011,24,
B6T0000001789,E1,0.019,13,
B6T0000001790,E1,0.0119,10,
B6T0000001791,E1,0.0315,30,
B6T0000001792,E1,0.0188,10,
B6T0000001793,E1,0.0268,30,
B6T0000001794,E1,0.0107,13,
B6T0000001795,E1,0.0111,30,
B6T0000001796,E1,0.0296,23,
B6T0000001797,E1,0.011,14,
B6T0000001798,E1,0.011,11,
B6T0000001799,E1,0.0105,13,
B6T0000001800,E1,0.1411,20,
B6T0000001801,E1,0.0316,16,
B6T0000001802,E1,0.0149,11,
B6T0000001803,E1,0.0139,14,
B6T0000001804,E1,0.0148,16,
B6T0000001805,E1,0.0358,10,
B6T0000001806,E1,0.0255,20,
B6T0000001807,E1,0.0123,10,
B6T0000001808,E1,0.0121,10,
B6T0000001809,E1,0.0113,10,
B6T0000001810,E1,0.0255,10,
B6T0000001811,E1,0.0345,10,
B6T0000001812,E1,0.0134,10,
B6T0000001813,E1,0.0105,30,
B6T0000001814,E1,0.0111,11,
B6T0000001815,E1,0.1816,17,
B6T0000001816,E1,0.0139,20,
B6T0000001817,E1,0.0351,17,
B6T0000001818,E1,0.0234,15,
B6T0000001819,E1,0.0155,10,
B6T0000001820,E1,0.0125,30,
B6T0000001821,E1,0.0115,30,
B6T0000001822,E1,0.0229,10,
B6T0000001823,E1,0.0358,10,
B6T0000001824,E1,0.0245,13,
B6T0000001825,E1,0.0194,10,
B6T0000001826,E1,0.0107,21,
B6T0000001827,E1,0.1846,10,
B6T0000001828,E1,0.0394,30,
B6T0000001829,E1,0.0138,30,
B6T0000001830,E1,0.2693,18,
B6T0000001831,E1,0.0223,29,
B6T0000001832,E1,0.0214,30,
B6T0000001833,E1,0.0326,11,
B6T0000001834,E1,0.0416,10,
B6T0000001835,E1,0.0252,16,
B6T0000001836,E1,0.0116,26,
B6T0000001837,E1,0.0146,17,
B6T0000001838,E1,0.0928,10,
B6T0000001839,E1,0.0128,10,
B6T0000001840,E1,0.0153,15,
B6T0000001841,E1,0.0166,15,
B6T0000001842,E1,0.0168,30,
B6T0000001843,E1,0.0228,10,
B6T0000001844,E1,0.1128,21,
B6T0000001845,E1,0.013,30,
B6T0000001846,E1,0.0115,30,
B6T0000001847,E1,0.0124,12,
B6T0000001848,E1,0.0637,21,
B6T0000001849,E1,0.0246,22,
B6T0000001850,E1,0.0137,17,
B6T0000001851,E1,0.0424,15,
B6T0000001852,E1,0.0537,20,
B6T0000001853,E1,0.0493,10,
B6T0000001854,E1,0.084,23,
B6T0000001855,E1,0.0132,17,
B6T0000001856,E1,0.0334,14,
B6T0000001857,E1,0.0173,30,
B6T0000001858,E1,0.0482,10,
B6T0000001859,E1,0.0307,12,
B6T0000001860,E1,0.0361,30,
B6T0000001861,E1,0.0252,10,
B6T0000001862,E1,0.0122,11,
B6T0000001863,E1,0.02,14,
B6T0000001864,E1,0.3365,26,
B6T0000001865,E1,0.1042,18,
B6T0000001866,E1,0.0107,10,
B6T0000001867,E1,0.012,11,
B6T0000001868,E1,0.0116,11,
B6T0000001869,E1,0.0304,15,
B6T0000001870,E1,0.0428,20,
B6T0000001871,E1,0.0126,20,
B6T0000001872,E1,0.0186,10,
B6T0000001873,E1,0.0478,29,
B6T0000001874,E1,0.0311,18,
B6T0000001875,E1,0.0198,30,
B6T0000001876,E1,0.0218,20,
B6T0000001877,E1,0.0187,30,
B6T0000001878,E1,0.0139,20,
B6T0000001879,E1,0.0207,30,
B6T0000001880,E1,0.0274,21,
B6T0000001881,E1,0.0579,15,
B6T0000001882,E1,0.024,30,
B6T0000001883,E1,0.0341,26,
B6T0000001884,E1,0.012,22,
B6T0000001885,E1,0.0173,10,
B6T0000001886,E1,0.0104,10,
B6T0000001887,E1,0.0131,18,
B6T0000001888,E1,0.0305,17,
B6T0000001889,E1,0.5674,11,
B6T0000001890,E1,0.0113,17,
B6T0000001891,E1,0.0159,30,
B6T0000001892,E1,0.0396,24,
B6T0000001893,E1,0.0125,10,
B6T0000001894,E1,0.0203,14,
B6T0000001895,E1,0.0311,10,
B6T0000001896,E1,0.023,12,
B6T0000001897,E1,0.0123,12,
B6T0000001898,E1,0.0149,12,
B6T0000001899,E1,0.0371,10,
B6T0000001900,E1,0.0203,14,
B6T0000001901,E1,0.0104,11,
B6T0000001902,E1,0.0341,10,
B6T0000001903,E1,0.0107,30,
B6T0000001904,E1,0.0324,30,
B6T0000001905,E1,0.0125,12,
B6T0000001906,E1,0.1455,16,
B6T0000001907,E1,0.0152,10,
B6T0000001908,E1,0.0144,30,
B6T0000001909,E1,0.0118,30,
B6T0000001910,E1,0.014,17,
B6T0000001911,E1,0.0592,29,
B6T0000001912,E1,1.1087,17,
B6T0000001913,E1,0.0152,10,
B6T0000001914,E1,0.017,12,
B6T0000001915,E1,0.0301,17,
B6T0000001916,E1,0.0633,12,
B6T0000001917,E1,0.0219,14,
B6T0000001918,E1,0.0157,15,
B6T0000001919,E1,0.0161,15,
B6T0000001920,E1,0.0279,16,
B6T0000001921,E1,0.0104,10,
B6T0000001922,E1,0.0232,10,
B6T0000001923,E1,0.0149,10,
B6T0000001924,E1,0.0386,28,
B6T0000001925,E1,0.0112,10,
B6T0000001926,E1,0.0217,30,
B6T0000001927,E1,0.0179,30,
B6T0000001928,E1,0.0244,13,
B6T0000001929,E1,0.0109,10,
B6T0000001930,E1,0.0213,12,
B6T0000001931,E1,0.0206,15,
B6T0000001932,E1,0.0205,10,
B6T0000001933,E1,0.0224,11,
B6T0000001934,E1,0.0265,30,
B6T0000001935,E1,0.0404,23,
B6T0000001936,E1,0.0135,10,
B6T0000001937,E1,0.0442,10,
B6T0000001938,E1,0.0184,13,
B6T0000001939,E1,0.0111,14,
B6T0000001940,E1,0.0109,21,
B6T0000001941,E1,0.0145,11,
B6T0000001942,E1,0.0372,21,
B6T0000001943,E1,0.0288,30,
B6T0000001944,E1,0.0378,25,
B6T0000001945,E1,0.019,15,
B6T0000001946,E1,0.0168,14,
B6T0000001947,E1,0.0118,13,
B6T0000001948,E1,0.0144,30,
B6T0000001949,E1,0.0166,11,
B6T0000001950,E1,0.0112,16,
B6T0000001951,E1,0.0127,16,
B6T0000001952,E1,0.0221,11,
B6T0000001953,E1,0.0314,10,
B6T0000001954,E1,2.1536,19,
B6T0000001955,E1,0.0986,15,
B6T0000001956,E1,0.0244,21,
B6T0000001957,E1,0.0163,11,
B6T0000001958,E1,0.024,30,
B6T0000001959,E1,0.0374,10,
B6T0000001960,E1,0.0115,30,
B6T0000001961,E1,0.0161,10,
B6T0000001962,E1,0.0476,20,
B6T0000001963,E1,0.0155,21,
B6T0000001964,E1,0.021,10,
B6T0000001965,E1,0.0217,20,
B6T0000001966,E1,0.0123,30,
B6T0000001967,E1,0.0151,10,
B6T0000001968,E1,0.0145,21,
B6T0000001969,E1,0.0106,10,
B6T0000001970,E1,0.0106,10,
B6T0000001971,E1,0.0457,30,
B6T0000001972,E1,0.0135,11,
B6T0000001973,E1,0.019,10,
B6T0000001974,E1,0.0139,14,
B6T0000001975,E1,0.109,30,
B6T0000001976,E1,0.0133,10,
B6T0000001977,E1,0.0165,10,
B6T0000001978,E1,0.0577,30,
B6T0000001979,E1,0.0481,30,
B6T0000001980,E1,0.0123,15,
B6T0000001981,E1,0.04,10,
B6T0000001982,E1,0.0172,30,
B6T0000001983,E1,0.0179,30,
B6T0000001984,E1,0.0117,23,
B6T0000001985,E1,0.0111,10,
B6T0000001986,E1,0.0306,15,
B6T0000001987,E1,0.0183,14,
B6T0000001988,E1,0.0167,19,
B6T0000001989,E1,0.0308,30,
B6T0000001990,E1,0.0347,26,
B6T0000001991,E1,0.012,10,
B6T0000001992,E1,0.0227,30,
B6T0000001993,E1,0.0117,19,
B6T0000001994,E1,0.033,23,
B6T0000001995,E1,0.0252,30,
B6T0000001996,E1,0.1414,10,
B6T0000001997,E1,0.011,15,
B6T0000001998,E1,0.0109,11,
B6T0000001999,E1,0.0136,10,
